"Country","TIME","Time","Unit","Hours_Per_Week"
"11075","Germany",2001,2001,"Hours",39.0469099728581
"11077","Germany",2003,2003,"Hours",38.9953415263009
"11079","Germany",2005,2005,"Hours",39.2233017295008
"11081","Germany",2007,2007,"Hours",39.319577626393
"11083","Germany",2009,2009,"Hours",39.4011932443678
"11085","Germany",2011,2011,"Hours",39.4522562608142
"11087","Germany",2013,2013,"Hours",39.3657136980654
"11089","Germany",2000,2000,"Hours",11.9413073162809
"11091","Germany",2002,2002,"Hours",11.4238415686505
"11093","Germany",2004,2004,"Hours",12.2497799506779
"11095","Germany",2006,2006,"Hours",11.4789597112967
"11097","Germany",2008,2008,"Hours",11.0804714904993
"11099","Germany",2010,2010,"Hours",11.4583831862227
"11101","Germany",2012,2012,"Hours",10.9497689749522
"11103","Germany",2014,2014,"Hours",11.0404552943654
"11105","Germany",2001,2001,"Hours",35.904674338233
"11107","Germany",2003,2003,"Hours",35.5560532905028
"11109","Germany",2005,2005,"Hours",35.0794325227402
"11111","Germany",2007,2007,"Hours",34.3902117202488
"11113","Germany",2009,2009,"Hours",34.3664953054953
"11115","Germany",2011,2011,"Hours",34.1312290673292
"11117","Germany",2013,2013,"Hours",33.547762817382
"11119","Germany",2000,2000,"Hours",39.426632920822
"11121","Germany",2002,2002,"Hours",39.204551236209
"11123","Germany",2004,2004,"Hours",39.2912049878984
"11125","Germany",2006,2006,"Hours",39.4385459462604
"11127","Germany",2008,2008,"Hours",39.4233400645714
"11129","Germany",2010,2010,"Hours",39.5134876604032
"11131","Germany",2012,2012,"Hours",39.5486129684369
"11133","Germany",2014,2014,"Hours",39.433228241708
"11135","Germany",2001,2001,"Hours",11.5479711237601
"11137","Germany",2003,2003,"Hours",11.5745887227802
"11139","Germany",2005,2005,"Hours",11.7560455084192
"11141","Germany",2007,2007,"Hours",10.9225293105484
"11143","Germany",2009,2009,"Hours",11.307684101265
"11145","Germany",2011,2011,"Hours",10.9574695148433
"11147","Germany",2013,2013,"Hours",10.9191859384415
"11149","Germany",2000,2000,"Hours",36.3121094836174
"11151","Germany",2002,2002,"Hours",35.6869782248617
"11153","Germany",2004,2004,"Hours",35.5742130270551
"11155","Germany",2006,2006,"Hours",34.6154973421222
"11157","Germany",2008,2008,"Hours",34.1174143190602
"11159","Germany",2010,2010,"Hours",34.5648000862439
"11161","Germany",2012,2012,"Hours",33.8941344965456
"11163","Germany",2014,2014,"Hours",33.5515295786524
"11165","Germany",2001,2001,"Hours",39.7412377372807
"11167","Germany",2003,2003,"Hours",39.4013543724012
"11169","Germany",2005,2005,"Hours",39.7202061470288
"11171","Germany",2007,2007,"Hours",39.8358915820563
"11173","Germany",2009,2009,"Hours",40.090677735674
"11175","Germany",2011,2011,"Hours",40.1436449945349
"11177","Germany",2013,2013,"Hours",40.0427672833646
"11179","Germany",2000,2000,"Hours",17.3584865688461
"11181","Germany",2002,2002,"Hours",17.1068097856195
"11183","Germany",2004,2004,"Hours",16.8613617522719
"11185","Germany",2006,2006,"Hours",16.6877509587377
"11187","Germany",2008,2008,"Hours",16.7314118767403
"11189","Germany",2010,2010,"Hours",16.9015326338365
"11191","Germany",2012,2012,"Hours",16.9762420690707
"11193","Germany",2014,2014,"Hours",17.2192590522764
"11195","Germany",2001,2001,"Hours",35.5265059494158
"11197","Germany",2003,2003,"Hours",34.9161428803361
"11199","Germany",2005,2005,"Hours",34.7151896854614
"11201","Germany",2007,2007,"Hours",34.7571071965026
"11203","Germany",2009,2009,"Hours",35.0053013442247
"11205","Germany",2011,2011,"Hours",35.0566583439488
"11207","Germany",2013,2013,"Hours",35.1075558957273
"11209","Germany",2000,2000,"Hours",41.5542396655257
"11211","Germany",2002,2002,"Hours",41.2032110202753
"11213","Germany",2004,2004,"Hours",41.0579984914259
"11215","Germany",2006,2006,"Hours",41.2247181061762
"11217","Germany",2008,2008,"Hours",41.1971089831834
"11219","Germany",2010,2010,"Hours",41.2547048834458
"11221","Germany",2012,2012,"Hours",41.282921484968
"11223","Germany",2014,2014,"Hours",40.9222088476814
"11225","Germany",2001,2001,"Hours",17.1367322761962
"11227","Germany",2003,2003,"Hours",16.9487194583079
"11229","Germany",2005,2005,"Hours",16.6331503877784
"11231","Germany",2007,2007,"Hours",16.5371642550433
"11233","Germany",2009,2009,"Hours",16.7605033290871
"11235","Germany",2011,2011,"Hours",16.7039519171202
"11237","Germany",2013,2013,"Hours",16.923707583421
"11239","Germany",2000,2000,"Hours",37.2923329717389
"11241","Germany",2002,2002,"Hours",36.6951674828596
"11243","Germany",2004,2004,"Hours",36.1922886188729
"11245","Germany",2006,2006,"Hours",35.9527226460104
"11247","Germany",2008,2008,"Hours",36.0417536035437
"11249","Germany",2010,2010,"Hours",36.1105494749573
"11251","Germany",2012,2012,"Hours",36.1939359737333
"11253","Germany",2014,2014,"Hours",36.038146423365
"11255","Germany",2001,2001,"Hours",40.0735936407722
"11257","Germany",2003,2003,"Hours",39.7587243452618
"11259","Germany",2005,2005,"Hours",40.0659170578082
"11261","Germany",2007,2007,"Hours",39.9971224329285
"11263","Germany",2009,2009,"Hours",40.1073680884718
"11265","Germany",2011,2011,"Hours",40.0710516707525
"11267","Germany",2013,2013,"Hours",39.7943366120197
"11269","Germany",2000,2000,"Hours",15.954147968387
"11271","Germany",2002,2002,"Hours",15.7603454842335
"11273","Germany",2004,2004,"Hours",15.7793926330986
"11275","Germany",2006,2006,"Hours",15.7123642990265
"11277","Germany",2008,2008,"Hours",16.0060832135821
"11279","Germany",2010,2010,"Hours",16.2774728721903
"11281","Germany",2012,2012,"Hours",16.0249476126155
"11283","Germany",2014,2014,"Hours",16.2145295726507
"11285","Germany",2001,2001,"Hours",34.3727806201099
"11287","Germany",2003,2003,"Hours",33.9372092581004
"11289","Germany",2005,2005,"Hours",33.9772489627594
"11291","Germany",2007,2007,"Hours",33.918438785175
"11293","Germany",2009,2009,"Hours",34.2234609760653
"11295","Germany",2011,2011,"Hours",33.9358434696694
"11297","Germany",2013,2013,"Hours",33.6846113461632
"11299","Germany",2000,2000,"Hours",43.0399596903249
"11301","Germany",2002,2002,"Hours",42.7677866539808
"11303","Germany",2004,2004,"Hours",42.3204359745493
"11305","Germany",2006,2006,"Hours",42.1671454100056
"11307","Germany",2008,2008,"Hours",41.9519983813476
"11309","Germany",2010,2010,"Hours",41.6851667302991
"11311","Germany",2012,2012,"Hours",41.6067575664194
"11313","Germany",2014,2014,"Hours",41.1697771645878
"11315","Germany",2001,2001,"Hours",15.759591699851
"11317","Germany",2003,2003,"Hours",15.6177656388472
"11319","Germany",2005,2005,"Hours",15.6333778501294
"11321","Germany",2007,2007,"Hours",15.654629636809
"11323","Germany",2009,2009,"Hours",15.9900193841018
"11325","Germany",2011,2011,"Hours",15.6166989029721
"11327","Germany",2013,2013,"Hours",15.8292771333478
"11329","Germany",2000,2000,"Hours",37.2752628308893
"11331","Germany",2002,2002,"Hours",36.7698306131179
"11333","Germany",2004,2004,"Hours",36.164513978967
"11335","Germany",2006,2006,"Hours",35.7297771230554
"11337","Germany",2008,2008,"Hours",35.7514603579487
"11339","Germany",2010,2010,"Hours",35.7552873431429
"11341","Germany",2012,2012,"Hours",35.3957992255214
"11343","Germany",2014,2014,"Hours",35.0712842721008
"11345","Germany",2001,2001,"Hours",43.4147765201255
"11347","Germany",2003,2003,"Hours",42.2566691003472
"11349","Germany",2005,2005,"Hours",42.524681165472
"11351","Germany",2007,2007,"Hours",42.5153765927747
"11353","Germany",2009,2009,"Hours",42.6227466269934
"11355","Germany",2011,2011,"Hours",40.9444271876552
"11357","Germany",2013,2013,"Hours",41.0208434297222
"11359","Germany",2000,2000,"Hours",10.6550812216109
"11361","Germany",2002,2002,"Hours",10.8828439931445
"11363","Germany",2004,2004,"Hours",10.4070360128161
"11365","Germany",2006,2006,"Hours",10.2435736437285
"11367","Germany",2008,2008,"Hours",10.3357956189093
"11369","Germany",2010,2010,"Hours",10.52675140487
"11371","Germany",2012,2012,"Hours",10.2903612233151
"11373","Germany",2014,2014,"Hours",10.4431441806162
"11375","Germany",2001,2001,"Hours",18.3740940601676
"11377","Germany",2003,2003,"Hours",17.5021096967085
"11379","Germany",2005,2005,"Hours",15.5421594415296
"11381","Germany",2007,2007,"Hours",15.3020517574954
"11383","Germany",2009,2009,"Hours",16.1550727451383
"11385","Germany",2011,2011,"Hours",14.8054371980043
"11387","Germany",2013,2013,"Hours",15.3840627382181
"11389","Germany",2000,2000,"Hours",49.2343046344481
"11391","Germany",2002,2002,"Hours",47.7674895598894
"11393","Germany",2004,2004,"Hours",47.5445670910587
"11395","Germany",2006,2006,"Hours",46.9865440615183
"11397","Germany",2008,2008,"Hours",46.3169915009602
"11399","Germany",2010,2010,"Hours",46.1570624641824
"11401","Germany",2012,2012,"Hours",44.6066983712461
"11403","Germany",2014,2014,"Hours",44.3282769303004
"11405","Germany",2001,2001,"Hours",12.0356999927494
"11407","Germany",2003,2003,"Hours",12.0276633395535
"11409","Germany",2005,2005,"Hours",11.4641141814032
"11411","Germany",2007,2007,"Hours",11.3187599067192
"11413","Germany",2009,2009,"Hours",11.4958132388465
"11415","Germany",2011,2011,"Hours",10.8986246685619
"11417","Germany",2013,2013,"Hours",11.1031082911084
"11419","Germany",2000,2000,"Hours",28.9540598548796
"11421","Germany",2002,2002,"Hours",26.6716843612359
"11423","Germany",2004,2004,"Hours",26.5846903825729
"11425","Germany",2006,2006,"Hours",24.3264096393916
"11427","Germany",2008,2008,"Hours",23.6578622557639
"11429","Germany",2010,2010,"Hours",23.9817946090645
"11431","Germany",2012,2012,"Hours",21.3982052061124
"11433","Germany",2014,2014,"Hours",21.5474640472312
"11435","Germany",2001,2001,"Hours",39.6851001687802
"11437","Germany",2003,2003,"Hours",39.3876511853606
"11439","Germany",2005,2005,"Hours",39.6955765478665
"11441","Germany",2007,2007,"Hours",39.7903162849918
"11443","Germany",2009,2009,"Hours",40.0092067418587
"11445","Germany",2011,2011,"Hours",40.0481466956743
"11447","Germany",2013,2013,"Hours",39.9279197513094
"11449","Germany",2000,2000,"Hours",16.6522862936883
"11451","Germany",2002,2002,"Hours",16.3390256524305
"11453","Germany",2004,2004,"Hours",16.2091666672649
"11455","Germany",2006,2006,"Hours",15.8821607807543
"11457","Germany",2008,2008,"Hours",15.81758324637
"11459","Germany",2010,2010,"Hours",16.0659382200083
"11461","Germany",2012,2012,"Hours",15.9223993258004
"11463","Germany",2014,2014,"Hours",16.0559465697544
"11465","Germany",2001,2001,"Hours",35.3626061202781
"11467","Germany",2003,2003,"Hours",34.7871059240724
"11469","Germany",2005,2005,"Hours",34.5295403968451
"11471","Germany",2007,2007,"Hours",34.4406387093338
"11473","Germany",2009,2009,"Hours",34.6340493390174
"11475","Germany",2011,2011,"Hours",34.555802158113
"11477","Germany",2013,2013,"Hours",34.4258337899981
"11479","Germany",2000,2000,"Hours",41.5037416822833
"11481","Germany",2002,2002,"Hours",41.1702572455328
"11483","Germany",2004,2004,"Hours",41.0424081785674
"11485","Germany",2006,2006,"Hours",41.1652309777859
"11487","Germany",2008,2008,"Hours",41.12548860357
"11489","Germany",2010,2010,"Hours",41.158461127307
"11491","Germany",2012,2012,"Hours",41.177107504663
"11493","Germany",2014,2014,"Hours",40.8496781230698
"11495","Germany",2001,2001,"Hours",16.363928704273
"11497","Germany",2003,2003,"Hours",16.1919218142188
"11499","Germany",2005,2005,"Hours",15.8775046193105
"11501","Germany",2007,2007,"Hours",15.6418581073209
"11503","Germany",2009,2009,"Hours",15.8711947258124
"11505","Germany",2011,2011,"Hours",15.6458065630503
"11507","Germany",2013,2013,"Hours",15.7520476761599
"11509","Germany",2000,2000,"Hours",37.100222536231
"11511","Germany",2002,2002,"Hours",36.4780124739531
"11513","Germany",2004,2004,"Hours",36.0031591076385
"11515","Germany",2006,2006,"Hours",35.6059233510949
"11517","Germany",2008,2008,"Hours",35.5783279088339
"11519","Germany",2010,2010,"Hours",35.6828168740467
"11521","Germany",2012,2012,"Hours",35.5223236271167
"11523","Germany",2014,2014,"Hours",35.2729064982482
"11525","Germany",2001,2001,"Hours",39.2447398716837
"11527","Germany",2003,2003,"Hours",39.1948689072072
"11529","Germany",2005,2005,"Hours",39.4559897962163
"11531","Germany",2007,2007,"Hours",39.5201196599564
"11533","Germany",2009,2009,"Hours",39.6239110356212
"11535","Germany",2011,2011,"Hours",39.6866199031863
"11537","Germany",2013,2013,"Hours",39.6112973459477
"11539","Germany",2000,2000,"Hours",11.2843264046917
"11541","Germany",2002,2002,"Hours",10.1692105834514
"11543","Germany",2004,2004,"Hours",11.4810970275574
"11545","Germany",2006,2006,"Hours",10.3761934428367
"11547","Germany",2008,2008,"Hours",10.3415759495834
"11549","Germany",2010,2010,"Hours",10.7969449580214
"11551","Germany",2012,2012,"Hours",10.252821065831
"11553","Germany",2014,2014,"Hours",10.7119478190365
"11555","Germany",2001,2001,"Hours",36.9073435545995
"11557","Germany",2003,2003,"Hours",36.6219207534705
"11559","Germany",2005,2005,"Hours",36.2171548942726
"11561","Germany",2007,2007,"Hours",35.5796866108997
"11563","Germany",2009,2009,"Hours",35.5436921589038
"11565","Germany",2011,2011,"Hours",35.457409852044
"11567","Germany",2013,2013,"Hours",34.795089398436
"11569","Germany",2000,2000,"Hours",39.6791917181557
"11571","Germany",2002,2002,"Hours",39.4724894809462
"11573","Germany",2004,2004,"Hours",39.5598733392702
"11575","Germany",2006,2006,"Hours",39.7114762795005
"11577","Germany",2008,2008,"Hours",39.6635174524477
"11579","Germany",2010,2010,"Hours",39.7938413165771
"11581","Germany",2012,2012,"Hours",39.8211547444637
"11583","Germany",2014,2014,"Hours",39.6726084372325
"11585","Germany",2001,2001,"Hours",10.2639480841605
"11587","Germany",2003,2003,"Hours",10.6670903644401
"11589","Germany",2005,2005,"Hours",10.9921493882351
"11591","Germany",2007,2007,"Hours",10.1433165213174
"11593","Germany",2009,2009,"Hours",10.5990931373497
"11595","Germany",2011,2011,"Hours",10.2443266571773
"11597","Germany",2013,2013,"Hours",10.5658706535764
"11599","Germany",2000,2000,"Hours",37.3142678610386
"11601","Germany",2002,2002,"Hours",36.7195593077143
"11603","Germany",2004,2004,"Hours",36.6660841936191
"11605","Germany",2006,2006,"Hours",35.9054131385705
"11607","Germany",2008,2008,"Hours",35.2898042257787
"11609","Germany",2010,2010,"Hours",35.8018502682306
"11611","Germany",2012,2012,"Hours",35.2240321578017
"11613","Germany",2014,2014,"Hours",34.8296340376162
"11615","Germany",2001,2001,"Hours",40.4221297661777
"11617","Germany",2003,2003,"Hours",40.0499671239598
"11619","Germany",2005,2005,"Hours",40.5123137791517
"11621","Germany",2007,2007,"Hours",40.6457081375018
"11623","Germany",2009,2009,"Hours",40.9504576402538
"11625","Germany",2011,2011,"Hours",41.1051889480184
"11627","Germany",2013,2013,"Hours",41.0289887984843
"11629","Germany",2000,2000,"Hours",17.4160048280103
"11631","Germany",2002,2002,"Hours",17.1034477763725
"11633","Germany",2004,2004,"Hours",16.6590940693098
"11635","Germany",2006,2006,"Hours",16.0776256807352
"11637","Germany",2008,2008,"Hours",15.9417481155223
"11639","Germany",2010,2010,"Hours",16.1140425210184
"11641","Germany",2012,2012,"Hours",15.9182613860956
"11643","Germany",2014,2014,"Hours",16.0076590681978
"11645","Germany",2001,2001,"Hours",39.6358830299332
"11647","Germany",2003,2003,"Hours",39.0974904915045
"11649","Germany",2005,2005,"Hours",39.2623185141643
"11651","Germany",2007,2007,"Hours",39.3136928500141
"11653","Germany",2009,2009,"Hours",39.5577387018035
"11655","Germany",2011,2011,"Hours",39.6691569679492
"11657","Germany",2013,2013,"Hours",39.5758684199616
"11659","Germany",2000,2000,"Hours",42.5623148805698
"11661","Germany",2002,2002,"Hours",42.1614146421428
"11663","Germany",2004,2004,"Hours",42.0301566564136
"11665","Germany",2006,2006,"Hours",42.3122453948507
"11667","Germany",2008,2008,"Hours",42.3084413690997
"11669","Germany",2010,2010,"Hours",42.4080105801716
"11671","Germany",2012,2012,"Hours",42.5049932228936
"11673","Germany",2014,2014,"Hours",42.1276780049611
"11675","Germany",2001,2001,"Hours",17.3572045119662
"11677","Germany",2003,2003,"Hours",17.1853931427711
"11679","Germany",2005,2005,"Hours",16.417471047879
"11681","Germany",2007,2007,"Hours",15.9180586382898
"11683","Germany",2009,2009,"Hours",16.1747117154426
"11685","Germany",2011,2011,"Hours",15.729147199876
"11687","Germany",2013,2013,"Hours",15.9353161589567
"11689","Germany",2000,2000,"Hours",41.6965420511934
"11691","Germany",2002,2002,"Hours",41.1989194989356
"11693","Germany",2004,2004,"Hours",40.8343829679718
"11695","Germany",2006,2006,"Hours",40.8468566239986
"11697","Germany",2008,2008,"Hours",40.872945720131
"11699","Germany",2010,2010,"Hours",40.919232469313
"11701","Germany",2012,2012,"Hours",41.0070602459777
"11703","Germany",2014,2014,"Hours",40.5878939748959
"11705","Germany",2001,2001,"Hours",40.7635125555421
"11707","Germany",2003,2003,"Hours",40.3866358262889
"11709","Germany",2005,2005,"Hours",40.8725668883878
"11711","Germany",2007,2007,"Hours",40.8546218108701
"11713","Germany",2009,2009,"Hours",41.0247964283023
"11715","Germany",2011,2011,"Hours",41.0862077594638
"11717","Germany",2013,2013,"Hours",40.8606829653706
"11719","Germany",2000,2000,"Hours",14.1653318366831
"11721","Germany",2002,2002,"Hours",14.5448127013326
"11723","Germany",2004,2004,"Hours",14.0554142802908
"11725","Germany",2006,2006,"Hours",13.8790668211896
"11727","Germany",2008,2008,"Hours",13.7658956142163
"11729","Germany",2010,2010,"Hours",14.703874677924
"11731","Germany",2012,2012,"Hours",14.0671290361136
"11733","Germany",2014,2014,"Hours",14.1804229145256
"11735","Germany",2001,2001,"Hours",38.7850979396061
"11737","Germany",2003,2003,"Hours",38.2270959167096
"11739","Germany",2005,2005,"Hours",38.6878586899242
"11741","Germany",2007,2007,"Hours",38.5634828485997
"11743","Germany",2009,2009,"Hours",38.8703395892172
"11745","Germany",2011,2011,"Hours",38.702147841142
"11747","Germany",2013,2013,"Hours",38.4102575547034
"11749","Germany",2000,2000,"Hours",43.8260280508243
"11751","Germany",2002,2002,"Hours",43.6318579956211
"11753","Germany",2004,2004,"Hours",43.3323961736295
"11755","Germany",2006,2006,"Hours",43.2981968694932
"11757","Germany",2008,2008,"Hours",43.0906134951451
"11759","Germany",2010,2010,"Hours",42.8792241489226
"11761","Germany",2012,2012,"Hours",42.9554106723537
"11763","Germany",2014,2014,"Hours",42.4919401572428
"11765","Germany",2001,2001,"Hours",14.2530272228652
"11767","Germany",2003,2003,"Hours",14.3623755092098
"11769","Germany",2005,2005,"Hours",14.3680052173849
"11771","Germany",2007,2007,"Hours",13.973849581376
"11773","Germany",2009,2009,"Hours",14.3545739783422
"11775","Germany",2011,2011,"Hours",13.9809739202774
"11777","Germany",2013,2013,"Hours",14.1672454884648
"11779","Germany",2000,2000,"Hours",41.8735271026806
"11781","Germany",2002,2002,"Hours",41.3567011716852
"11783","Germany",2004,2004,"Hours",41.0339295445603
"11785","Germany",2006,2006,"Hours",40.7215102557778
"11787","Germany",2008,2008,"Hours",40.687027111071
"11789","Germany",2010,2010,"Hours",40.6154863792494
"11791","Germany",2012,2012,"Hours",40.3136243498402
"11793","Germany",2014,2014,"Hours",39.8836966583567
"11795","Germany",2001,2001,"Hours",43.9726944972278
"11797","Germany",2003,2003,"Hours",43.1829108022729
"11799","Germany",2005,2005,"Hours",42.7567833209987
"11801","Germany",2007,2007,"Hours",43.8351375080008
"11803","Germany",2009,2009,"Hours",43.5958820391601
"11805","Germany",2011,2011,"Hours",41.7693686942033
"11807","Germany",2013,2013,"Hours",41.937498919492
"11809","Germany",2000,2000,"Hours",11.1163874515869
"11811","Germany",2002,2002,"Hours",10.9391668562941
"11813","Germany",2004,2004,"Hours",10.8738528899849
"11815","Germany",2006,2006,"Hours",10.7678217466854
"11817","Germany",2008,2008,"Hours",10.6653112905724
"11819","Germany",2010,2010,"Hours",11.1099464444166
"11821","Germany",2012,2012,"Hours",10.5594588436785
"11823","Germany",2014,2014,"Hours",10.7429368493856
"11825","Germany",2001,2001,"Hours",21.2346999632266
"11827","Germany",2003,2003,"Hours",19.3821436215971
"11829","Germany",2005,2005,"Hours",17.9760439594908
"11831","Germany",2007,2007,"Hours",17.9679370619053
"11833","Germany",2009,2009,"Hours",18.4063933023575
"11835","Germany",2011,2011,"Hours",16.290519429506
"11837","Germany",2013,2013,"Hours",17.3773083250609
"11839","Germany",2000,2000,"Hours",49.2030395388244
"11841","Germany",2002,2002,"Hours",48.1410758098356
"11843","Germany",2004,2004,"Hours",48.291701426611
"11845","Germany",2006,2006,"Hours",47.3607963689773
"11847","Germany",2008,2008,"Hours",47.1975465511903
"11849","Germany",2010,2010,"Hours",46.935391949378
"11851","Germany",2012,2012,"Hours",45.3473178874562
"11853","Germany",2014,2014,"Hours",45.0931386667518
"11855","Germany",2001,2001,"Hours",12.3649414298745
"11857","Germany",2003,2003,"Hours",12.5629030147675
"11859","Germany",2005,2005,"Hours",12.1478631879232
"11861","Germany",2007,2007,"Hours",11.9342035897951
"11863","Germany",2009,2009,"Hours",12.1084608141833
"11865","Germany",2011,2011,"Hours",11.3558567226456
"11867","Germany",2013,2013,"Hours",11.6430619392884
"11869","Germany",2000,2000,"Hours",31.9258259662662
"11871","Germany",2002,2002,"Hours",29.4744291386096
"11873","Germany",2004,2004,"Hours",30.3395591551809
"11875","Germany",2006,2006,"Hours",28.0411109905185
"11877","Germany",2008,2008,"Hours",27.1791913133112
"11879","Germany",2010,2010,"Hours",27.6216651299831
"11881","Germany",2012,2012,"Hours",24.032680600862
"11883","Germany",2014,2014,"Hours",24.2279827656291
"11885","Germany",2001,2001,"Hours",40.3288300284377
"11887","Germany",2003,2003,"Hours",39.9961734689396
"11889","Germany",2005,2005,"Hours",40.435442118256
"11891","Germany",2007,2007,"Hours",40.5451034818884
"11893","Germany",2009,2009,"Hours",40.8159453727395
"11895","Germany",2011,2011,"Hours",40.9442350606254
"11897","Germany",2013,2013,"Hours",40.8564912131453
"11899","Germany",2000,2000,"Hours",15.1656188449654
"11901","Germany",2002,2002,"Hours",14.7621484752279
"11903","Germany",2004,2004,"Hours",14.8292510167061
"11905","Germany",2006,2006,"Hours",14.1194486733671
"11907","Germany",2008,2008,"Hours",13.7753037068242
"11909","Germany",2010,2010,"Hours",14.2875574282249
"11911","Germany",2012,2012,"Hours",13.7061240941067
"11913","Germany",2014,2014,"Hours",13.8207349477802
"11915","Germany",2001,2001,"Hours",39.1136642957491
"11917","Germany",2003,2003,"Hours",38.5911583674106
"11919","Germany",2005,2005,"Hours",38.6550146120657
"11921","Germany",2007,2007,"Hours",38.5589460416855
"11923","Germany",2009,2009,"Hours",38.7567955364792
"11925","Germany",2011,2011,"Hours",38.747748613477
"11927","Germany",2013,2013,"Hours",38.5134123519259
"11929","Germany",2000,2000,"Hours",42.4685888259021
"11931","Germany",2002,2002,"Hours",42.1087533534059
"11933","Germany",2004,2004,"Hours",42.0049092981792
"11935","Germany",2006,2006,"Hours",42.2137419457415
"11937","Germany",2008,2008,"Hours",42.1894598597294
"11939","Germany",2010,2010,"Hours",42.2648879163615
"11941","Germany",2012,2012,"Hours",42.351973013165
"11943","Germany",2014,2014,"Hours",42.0070455389272
"11945","Germany",2001,2001,"Hours",14.934357008639
"11947","Germany",2003,2003,"Hours",15.0639412310468
"11949","Germany",2005,2005,"Hours",14.602092958935
"11951","Germany",2007,2007,"Hours",13.9410394998079
"11953","Germany",2009,2009,"Hours",14.2370066638622
"11955","Germany",2011,2011,"Hours",13.6914637058148
"11957","Germany",2013,2013,"Hours",13.8227370521095
"11959","Germany",2000,2000,"Hours",41.1407778629421
"11961","Germany",2002,2002,"Hours",40.5985733259179
"11963","Germany",2004,2004,"Hours",40.2849309687786
"11965","Germany",2006,2006,"Hours",40.0794910275298
"11967","Germany",2008,2008,"Hours",39.9632063241147
"11969","Germany",2010,2010,"Hours",40.072312388042
"11971","Germany",2012,2012,"Hours",39.8901008043847
"11973","Germany",2014,2014,"Hours",39.4361990363041
"11975","Germany",2001,2001,"Hours",38.8082781895699
"11977","Germany",2003,2003,"Hours",38.7676970068209
"11979","Germany",2005,2005,"Hours",38.9359193368567
"11981","Germany",2007,2007,"Hours",39.0656663681996
"11983","Germany",2009,2009,"Hours",39.129331740207
"11985","Germany",2011,2011,"Hours",39.1606098645433
"11987","Germany",2013,2013,"Hours",39.0574854471366
"11989","Germany",2000,2000,"Hours",12.3419342494183
"11991","Germany",2002,2002,"Hours",12.2021819223578
"11993","Germany",2004,2004,"Hours",12.713380065509
"11995","Germany",2006,2006,"Hours",12.204372972078
"11997","Germany",2008,2008,"Hours",11.6155187007971
"11999","Germany",2010,2010,"Hours",11.9082001220262
"12001","Germany",2012,2012,"Hours",11.445629464992
"12003","Germany",2014,2014,"Hours",11.2860642967634
"12005","Germany",2001,2001,"Hours",34.7899340975063
"12007","Germany",2003,2003,"Hours",34.4376685769931
"12009","Germany",2005,2005,"Hours",33.801310393851
"12011","Germany",2007,2007,"Hours",33.0336393571254
"12013","Germany",2009,2009,"Hours",33.0666043507982
"12015","Germany",2011,2011,"Hours",32.6577955504325
"12017","Germany",2013,2013,"Hours",32.1384633865812
"12019","Germany",2000,2000,"Hours",39.1194649180412
"12021","Germany",2002,2002,"Hours",38.8917053344782
"12023","Germany",2004,2004,"Hours",38.9710010912114
"12025","Germany",2006,2006,"Hours",39.0925269989406
"12027","Germany",2008,2008,"Hours",39.1178796108323
"12029","Germany",2010,2010,"Hours",39.1689263718643
"12031","Germany",2012,2012,"Hours",39.1974854882524
"12033","Germany",2014,2014,"Hours",39.127302967969
"12035","Germany",2001,2001,"Hours",12.32979333537
"12037","Germany",2003,2003,"Hours",12.1168608156941
"12039","Germany",2005,2005,"Hours",12.2763843688961
"12041","Germany",2007,2007,"Hours",11.4750010396158
"12043","Germany",2009,2009,"Hours",11.8077463420981
"12045","Germany",2011,2011,"Hours",11.456028457623
"12047","Germany",2013,2013,"Hours",11.1886046674691
"12049","Germany",2000,2000,"Hours",35.1774173447666
"12051","Germany",2002,2002,"Hours",34.5704191080596
"12053","Germany",2004,2004,"Hours",34.3764333889774
"12055","Germany",2006,2006,"Hours",33.1498289922045
"12057","Germany",2008,2008,"Hours",32.7687444899568
"12059","Germany",2010,2010,"Hours",33.1877263740906
"12061","Germany",2012,2012,"Hours",32.3628139457045
"12063","Germany",2014,2014,"Hours",32.085225460741
"12065","Germany",2001,2001,"Hours",38.5112729503709
"12067","Germany",2003,2003,"Hours",38.2584753114217
"12069","Germany",2005,2005,"Hours",38.2896141502825
"12071","Germany",2007,2007,"Hours",38.390261926491
"12073","Germany",2009,2009,"Hours",38.6201619181043
"12075","Germany",2011,2011,"Hours",38.5433868307127
"12077","Germany",2013,2013,"Hours",38.4259908470911
"12079","Germany",2000,2000,"Hours",17.3522013160994
"12081","Germany",2002,2002,"Hours",17.107203372623
"12083","Germany",2004,2004,"Hours",16.8874740402229
"12085","Germany",2006,2006,"Hours",16.7807705311421
"12087","Germany",2008,2008,"Hours",16.8519503354309
"12089","Germany",2010,2010,"Hours",17.0254517625635
"12091","Germany",2012,2012,"Hours",17.140160971255
"12093","Germany",2014,2014,"Hours",17.4220479741473
"12095","Germany",2001,2001,"Hours",30.6737577402793
"12097","Germany",2003,2003,"Hours",30.1617474245251
"12099","Germany",2005,2005,"Hours",29.5711352731612
"12101","Germany",2007,2007,"Hours",29.6438441209144
"12103","Germany",2009,2009,"Hours",30.0312198824715
"12105","Germany",2011,2011,"Hours",30.1106306667053
"12107","Germany",2013,2013,"Hours",30.3130809275166
"12109","Germany",2000,2000,"Hours",39.6618955320135
"12111","Germany",2002,2002,"Hours",39.4255031071458
"12113","Germany",2004,2004,"Hours",39.260567214893
"12115","Germany",2006,2006,"Hours",39.1885491649067
"12117","Germany",2008,2008,"Hours",39.1492448363394
"12119","Germany",2010,2010,"Hours",39.2029471329423
"12121","Germany",2012,2012,"Hours",39.149910235418
"12123","Germany",2014,2014,"Hours",38.8813499548872
"12125","Germany",2001,2001,"Hours",17.1103803687893
"12127","Germany",2003,2003,"Hours",16.916468699343
"12129","Germany",2005,2005,"Hours",16.6673797978694
"12131","Germany",2007,2007,"Hours",16.6372921160785
"12133","Germany",2009,2009,"Hours",16.85790668024
"12135","Germany",2011,2011,"Hours",16.8677723707015
"12137","Germany",2013,2013,"Hours",17.0966156456276
"12139","Germany",2000,2000,"Hours",31.7492476665499
"12141","Germany",2002,2002,"Hours",31.1905869162254
"12143","Germany",2004,2004,"Hours",30.6346783222511
"12145","Germany",2006,2006,"Hours",30.1393849456096
"12147","Germany",2008,2008,"Hours",30.325861432265
"12149","Germany",2010,2010,"Hours",30.5562586472162
"12151","Germany",2012,2012,"Hours",30.6896178198487
"12153","Germany",2014,2014,"Hours",30.8813940419474
"12155","Germany",2001,2001,"Hours",38.3295012272855
"12157","Germany",2003,2003,"Hours",38.2680493196438
"12159","Germany",2005,2005,"Hours",38.2933907350363
"12161","Germany",2007,2007,"Hours",38.2466323548211
"12163","Germany",2009,2009,"Hours",38.3552790912138
"12165","Germany",2011,2011,"Hours",38.2711594796958
"12167","Germany",2013,2013,"Hours",38.0049215541629
"12169","Germany",2000,2000,"Hours",16.325332655306
"12171","Germany",2002,2002,"Hours",16.0584748165713
"12173","Germany",2004,2004,"Hours",16.1617363828232
"12175","Germany",2006,2006,"Hours",16.1260206825683
"12177","Germany",2008,2008,"Hours",16.4921936304779
"12179","Germany",2010,2010,"Hours",16.6061846058663
"12181","Germany",2012,2012,"Hours",16.4745173201159
"12183","Germany",2014,2014,"Hours",16.6674964357135
"12185","Germany",2001,2001,"Hours",27.9863596734125
"12187","Germany",2003,2003,"Hours",28.0058656675821
"12189","Germany",2005,2005,"Hours",27.9772587393573
"12191","Germany",2007,2007,"Hours",28.2674013963274
"12193","Germany",2009,2009,"Hours",28.8079918998516
"12195","Germany",2011,2011,"Hours",28.6937514729083
"12197","Germany",2013,2013,"Hours",28.7127719143294
"12199","Germany",2000,2000,"Hours",40.9295641164585
"12201","Germany",2002,2002,"Hours",40.5179179956249
"12203","Germany",2004,2004,"Hours",39.7734885378898
"12205","Germany",2006,2006,"Hours",39.6072471895888
"12207","Germany",2008,2008,"Hours",39.5393368083182
"12209","Germany",2010,2010,"Hours",39.315527512099
"12211","Germany",2012,2012,"Hours",39.1015847845266
"12213","Germany",2014,2014,"Hours",38.8287239195776
"12215","Germany",2001,2001,"Hours",16.1485985700074
"12217","Germany",2003,2003,"Hours",15.9679967968992
"12219","Germany",2005,2005,"Hours",15.9574463338765
"12221","Germany",2007,2007,"Hours",16.0875683118242
"12223","Germany",2009,2009,"Hours",16.3950401691977
"12225","Germany",2011,2011,"Hours",16.0297649096966
"12227","Germany",2013,2013,"Hours",16.2490682190274
"12229","Germany",2000,2000,"Hours",29.9181847698106
"12231","Germany",2002,2002,"Hours",29.5729079687044
"12233","Germany",2004,2004,"Hours",28.9069956285223
"12235","Germany",2006,2006,"Hours",28.9248089312024
"12237","Germany",2008,2008,"Hours",29.3383075566038
"12239","Germany",2010,2010,"Hours",29.6743064728473
"12241","Germany",2012,2012,"Hours",29.5500339485849
"12243","Germany",2014,2014,"Hours",29.569836480481
"12245","Germany",2001,2001,"Hours",41.9325141881649
"12247","Germany",2003,2003,"Hours",40.6533021089498
"12249","Germany",2005,2005,"Hours",41.8739850098434
"12251","Germany",2007,2007,"Hours",38.6289602849709
"12253","Germany",2009,2009,"Hours",40.4511996526558
"12255","Germany",2011,2011,"Hours",39.2464731549744
"12257","Germany",2013,2013,"Hours",38.8370633010478
"12259","Germany",2000,2000,"Hours",10.0596319983511
"12261","Germany",2002,2002,"Hours",10.8270756023051
"12263","Germany",2004,2004,"Hours",9.9843119449561
"12265","Germany",2006,2006,"Hours",9.74007944258112
"12267","Germany",2008,2008,"Hours",9.98468670164562
"12269","Germany",2010,2010,"Hours",9.95452570740816
"12271","Germany",2012,2012,"Hours",9.99034911401009
"12273","Germany",2014,2014,"Hours",10.1064834563313
"12275","Germany",2001,2001,"Hours",14.9482362684927
"12277","Germany",2003,2003,"Hours",15.4001835851168
"12279","Germany",2005,2005,"Hours",12.7058013373024
"12281","Germany",2007,2007,"Hours",12.1664795104047
"12283","Germany",2009,2009,"Hours",13.5706904832806
"12285","Germany",2011,2011,"Hours",13.0734650581751
"12287","Germany",2013,2013,"Hours",12.9519795335935
"12289","Germany",2000,2000,"Hours",49.3484235054867
"12291","Germany",2002,2002,"Hours",46.7593969012055
"12293","Germany",2004,2004,"Hours",45.1970732443099
"12295","Germany",2006,2006,"Hours",45.6829709977624
"12297","Germany",2008,2008,"Hours",43.2973844347501
"12299","Germany",2010,2010,"Hours",43.6977154983082
"12301","Germany",2012,2012,"Hours",42.317580709077
"12303","Germany",2014,2014,"Hours",41.9892805579585
"12305","Germany",2001,2001,"Hours",11.6705968395029
"12307","Germany",2003,2003,"Hours",11.392734055174
"12309","Germany",2005,2005,"Hours",10.6295903670489
"12311","Germany",2007,2007,"Hours",10.6029243876433
"12313","Germany",2009,2009,"Hours",10.7669576133237
"12315","Germany",2011,2011,"Hours",10.3080402963678
"12317","Germany",2013,2013,"Hours",10.4080841864059
"12319","Germany",2000,2000,"Hours",22.7292928981878
"12321","Germany",2002,2002,"Hours",22.0158071142233
"12323","Germany",2004,2004,"Hours",20.1936561531343
"12325","Germany",2006,2006,"Hours",18.2330482079305
"12327","Germany",2008,2008,"Hours",17.6982359146189
"12329","Germany",2010,2010,"Hours",18.123489929572
"12331","Germany",2012,2012,"Hours",16.9294684638521
"12333","Germany",2014,2014,"Hours",17.0542317377257
"12335","Germany",2001,2001,"Hours",38.5516006832859
"12337","Germany",2003,2003,"Hours",38.3490820349763
"12339","Germany",2005,2005,"Hours",38.4012920438692
"12341","Germany",2007,2007,"Hours",38.4846708642541
"12343","Germany",2009,2009,"Hours",38.6704711694582
"12345","Germany",2011,2011,"Hours",38.597942734361
"12347","Germany",2013,2013,"Hours",38.4460258218606
"12349","Germany",2000,2000,"Hours",16.8887458604417
"12351","Germany",2002,2002,"Hours",16.6126166292485
"12353","Germany",2004,2004,"Hours",16.4565069188909
"12355","Germany",2006,2006,"Hours",16.2545227309018
"12357","Germany",2008,2008,"Hours",16.2728305989491
"12359","Germany",2010,2010,"Hours",16.455751984291
"12361","Germany",2012,2012,"Hours",16.4372936568246
"12363","Germany",2014,2014,"Hours",16.6134159567005
"12365","Germany",2001,2001,"Hours",30.8726458100756
"12367","Germany",2003,2003,"Hours",30.4145771827588
"12369","Germany",2005,2005,"Hours",29.8022474394453
"12371","Germany",2007,2007,"Hours",29.7614451619717
"12373","Germany",2009,2009,"Hours",30.0816934069904
"12375","Germany",2011,2011,"Hours",30.0203537463502
"12377","Germany",2013,2013,"Hours",30.0209644218802
"12379","Germany",2000,2000,"Hours",39.7188058287214
"12381","Germany",2002,2002,"Hours",39.4668732011974
"12383","Germany",2004,2004,"Hours",39.2916127302098
"12385","Germany",2006,2006,"Hours",39.2459680670047
"12387","Germany",2008,2008,"Hours",39.2105087396067
"12389","Germany",2010,2010,"Hours",39.2366322455967
"12391","Germany",2012,2012,"Hours",39.16573361917
"12393","Germany",2014,2014,"Hours",38.9212793068509
"12395","Germany",2001,2001,"Hours",16.6244844348649
"12397","Germany",2003,2003,"Hours",16.4182932241629
"12399","Germany",2005,2005,"Hours",16.1680667393753
"12401","Germany",2007,2007,"Hours",16.0482098768266
"12403","Germany",2009,2009,"Hours",16.2707629644013
"12405","Germany",2011,2011,"Hours",16.1437682971207
"12407","Germany",2013,2013,"Hours",16.2774200496972
"12409","Germany",2000,2000,"Hours",31.9105515477304
"12411","Germany",2002,2002,"Hours",31.3521679619575
"12413","Germany",2004,2004,"Hours",30.7679340363688
"12415","Germany",2006,2006,"Hours",30.2027708028808
"12417","Germany",2008,2008,"Hours",30.3107934157218
"12419","Germany",2010,2010,"Hours",30.5442497521022
"12421","Germany",2012,2012,"Hours",30.4522445078594
"12423","Germany",2014,2014,"Hours",30.4974831122157
"12424","Greece",2000,2000,"Hours",42.7013688289872
"12426","Greece",2002,2002,"Hours",42.4976945411744
"12428","Greece",2004,2004,"Hours",42.484281118807
"12430","Greece",2006,2006,"Hours",42.3136705335025
"12432","Greece",2008,2008,"Hours",42.6433369848589
"12434","Greece",2010,2010,"Hours",41.8995046037539
"12436","Greece",2012,2012,"Hours",41.6914920339512
"12438","Greece",2014,2014,"Hours",41.9281808717309
"12440","Greece",2001,2001,"Hours",19.3591077551362
"12442","Greece",2003,2003,"Hours",19.4195821787401
"12444","Greece",2005,2005,"Hours",19.0956736300275
"12446","Greece",2007,2007,"Hours",19.822195402968
"12448","Greece",2009,2009,"Hours",19.746477295922
"12450","Greece",2011,2011,"Hours",20.1598698912503
"12452","Greece",2013,2013,"Hours",19.8669718103273
"12454","Greece",2000,2000,"Hours",41.3429673040299
"12456","Greece",2002,2002,"Hours",41.1786957837027
"12458","Greece",2004,2004,"Hours",40.7185974178345
"12460","Greece",2006,2006,"Hours",39.9174193973271
"12462","Greece",2008,2008,"Hours",40.1532181578248
"12464","Greece",2010,2010,"Hours",38.6487776112156
"12466","Greece",2012,2012,"Hours",37.7165526525163
"12468","Greece",2014,2014,"Hours",37.3946385557158
"12470","Greece",2001,2001,"Hours",43.9430749980331
"12472","Greece",2003,2003,"Hours",43.8290512824938
"12474","Greece",2005,2005,"Hours",43.9129418180683
"12476","Greece",2007,2007,"Hours",43.6111513763452
"12478","Greece",2009,2009,"Hours",43.5165739808638
"12480","Greece",2011,2011,"Hours",43.4444472404068
"12482","Greece",2013,2013,"Hours",43.7065217424658
"12484","Greece",2000,2000,"Hours",19.1639037873673
"12486","Greece",2002,2002,"Hours",18.846073049681
"12488","Greece",2004,2004,"Hours",18.5750751663824
"12490","Greece",2006,2006,"Hours",19.4100020321968
"12492","Greece",2008,2008,"Hours",19.469841177874
"12494","Greece",2010,2010,"Hours",19.7760209612281
"12496","Greece",2012,2012,"Hours",18.978688408037
"12498","Greece",2014,2014,"Hours",19.0360631597541
"12500","Greece",2001,2001,"Hours",42.6082805507387
"12502","Greece",2003,2003,"Hours",42.4383888561207
"12504","Greece",2005,2005,"Hours",41.6724520087833
"12506","Greece",2007,2007,"Hours",41.047731434712
"12508","Greece",2009,2009,"Hours",40.4895709785627
"12510","Greece",2011,2011,"Hours",39.6996541885311
"12512","Greece",2013,2013,"Hours",39.2013055523353
"12514","Greece",2000,2000,"Hours",41.3433534270261
"12516","Greece",2002,2002,"Hours",41.5338854486151
"12518","Greece",2004,2004,"Hours",41.4083078949222
"12520","Greece",2006,2006,"Hours",41.4276576825853
"12522","Greece",2008,2008,"Hours",41.5991309173185
"12524","Greece",2010,2010,"Hours",41.4151574195142
"12526","Greece",2012,2012,"Hours",41.3208652517965
"12528","Greece",2014,2014,"Hours",41.5340364265029
"12530","Greece",2001,2001,"Hours",20.2523388971768
"12532","Greece",2003,2003,"Hours",20.2840969750905
"12534","Greece",2005,2005,"Hours",20.2843608869031
"12536","Greece",2007,2007,"Hours",20.3776813498291
"12538","Greece",2009,2009,"Hours",20.377613347983
"12540","Greece",2011,2011,"Hours",20.3584924016012
"12542","Greece",2013,2013,"Hours",20.1850070572687
"12544","Greece",2000,2000,"Hours",40.0162618681535
"12546","Greece",2002,2002,"Hours",40.1993713826888
"12548","Greece",2004,2004,"Hours",39.9548918465541
"12550","Greece",2006,2006,"Hours",39.7422860045084
"12552","Greece",2008,2008,"Hours",39.7949184179475
"12554","Greece",2010,2010,"Hours",39.3376465901742
"12556","Greece",2012,2012,"Hours",38.9461638940905
"12558","Greece",2014,2014,"Hours",38.8356863600405
"12560","Greece",2001,2001,"Hours",44.2939689026789
"12562","Greece",2003,2003,"Hours",44.6122390068608
"12564","Greece",2005,2005,"Hours",44.4322149993841
"12566","Greece",2007,2007,"Hours",44.1629011287595
"12568","Greece",2009,2009,"Hours",44.3738677193465
"12570","Greece",2011,2011,"Hours",44.038033944522
"12572","Greece",2013,2013,"Hours",44.43556433934
"12574","Greece",2000,2000,"Hours",20.177552256491
"12576","Greece",2002,2002,"Hours",20.1995077721299
"12578","Greece",2004,2004,"Hours",20.1684559066293
"12580","Greece",2006,2006,"Hours",20.0992663978106
"12582","Greece",2008,2008,"Hours",20.1772451957443
"12584","Greece",2010,2010,"Hours",20.1833407602852
"12586","Greece",2012,2012,"Hours",19.750569101959
"12588","Greece",2014,2014,"Hours",19.806933027155
"12590","Greece",2001,2001,"Hours",43.1849262103676
"12592","Greece",2003,2003,"Hours",43.2625056182145
"12594","Greece",2005,2005,"Hours",42.9549482018597
"12596","Greece",2007,2007,"Hours",42.403487330193
"12598","Greece",2009,2009,"Hours",42.4099702021127
"12600","Greece",2011,2011,"Hours",41.9764203636229
"12602","Greece",2013,2013,"Hours",41.9706062982866
"12604","Greece",2000,2000,"Hours",41.4855888168979
"12606","Greece",2002,2002,"Hours",41.2599788292207
"12608","Greece",2004,2004,"Hours",40.9931800065142
"12610","Greece",2006,2006,"Hours",41.1135915670031
"12612","Greece",2008,2008,"Hours",41.282409354961
"12614","Greece",2010,2010,"Hours",41.5948225886795
"12616","Greece",2012,2012,"Hours",41.3460994546832
"12618","Greece",2014,2014,"Hours",41.6272143344511
"12620","Greece",2001,2001,"Hours",20.3593241251311
"12622","Greece",2003,2003,"Hours",20.2913509471358
"12624","Greece",2005,2005,"Hours",21.1535395220821
"12626","Greece",2007,2007,"Hours",19.4508197312965
"12628","Greece",2009,2009,"Hours",20.3032653944669
"12630","Greece",2011,2011,"Hours",20.0666237434065
"12632","Greece",2013,2013,"Hours",19.6248608998329
"12634","Greece",2000,2000,"Hours",40.273380170011
"12636","Greece",2002,2002,"Hours",40.1528251301453
"12638","Greece",2004,2004,"Hours",39.74086795679
"12640","Greece",2006,2006,"Hours",39.598888780355
"12642","Greece",2008,2008,"Hours",39.5136495099392
"12644","Greece",2010,2010,"Hours",39.4021867457261
"12646","Greece",2012,2012,"Hours",38.7335054179958
"12648","Greece",2014,2014,"Hours",38.7724397440226
"12650","Greece",2001,2001,"Hours",45.754950882098
"12652","Greece",2003,2003,"Hours",45.6779798771043
"12654","Greece",2005,2005,"Hours",45.679333982527
"12656","Greece",2007,2007,"Hours",45.3975976401962
"12658","Greece",2009,2009,"Hours",45.9165940624709
"12660","Greece",2011,2011,"Hours",45.9072536352625
"12662","Greece",2013,2013,"Hours",46.047403173518
"12664","Greece",2000,2000,"Hours",19.4441978271441
"12666","Greece",2002,2002,"Hours",20.138692283167
"12668","Greece",2004,2004,"Hours",19.4827893216968
"12670","Greece",2006,2006,"Hours",19.4684549008326
"12672","Greece",2008,2008,"Hours",19.4128242630104
"12674","Greece",2010,2010,"Hours",19.4251725967133
"12676","Greece",2012,2012,"Hours",18.6384750313144
"12678","Greece",2014,2014,"Hours",18.5967812603125
"12680","Greece",2001,2001,"Hours",44.7129585881953
"12682","Greece",2003,2003,"Hours",44.3335323874757
"12684","Greece",2005,2005,"Hours",44.2560891772642
"12686","Greece",2007,2007,"Hours",43.517922952757
"12688","Greece",2009,2009,"Hours",43.8294763998
"12690","Greece",2011,2011,"Hours",43.475334152357
"12692","Greece",2013,2013,"Hours",43.4460254418274
"12694","Greece",2000,2000,"Hours",38.9055218147545
"12696","Greece",2002,2002,"Hours",40.6884017330969
"12698","Greece",2004,2004,"Hours",40.3461936929339
"12700","Greece",2006,2006,"Hours",41.8195189757869
"12702","Greece",2008,2008,"Hours",40.4624285542026
"12704","Greece",2010,2010,"Hours",41.6377475878338
"12706","Greece",2012,2012,"Hours",41.7088781817934
"12708","Greece",2014,2014,"Hours",41.458637255973
"12710","Greece",2001,2001,"Hours",21.205232934855
"12712","Greece",2003,2003,"Hours",20.0719549017239
"12714","Greece",2005,2005,"Hours",19.4844955360034
"12716","Greece",2007,2007,"Hours",20.2674077096372
"12718","Greece",2009,2009,"Hours",16.8812105109844
"12720","Greece",2011,2011,"Hours",19.7681650183909
"12722","Greece",2013,2013,"Hours",16.9409293317101
"12724","Greece",2000,2000,"Hours",37.6204615466733
"12726","Greece",2002,2002,"Hours",38.2473896185859
"12728","Greece",2004,2004,"Hours",38.0064970692216
"12730","Greece",2006,2006,"Hours",38.8782012740685
"12732","Greece",2008,2008,"Hours",38.2004094968081
"12734","Greece",2010,2010,"Hours",38.3742279362724
"12736","Greece",2012,2012,"Hours",38.672985090094
"12738","Greece",2014,2014,"Hours",36.995223976508
"12740","Greece",2001,2001,"Hours",44.8736654610402
"12742","Greece",2003,2003,"Hours",45.8168429060929
"12744","Greece",2005,2005,"Hours",46.9647928779932
"12746","Greece",2007,2007,"Hours",45.4473388017413
"12748","Greece",2009,2009,"Hours",45.4333616177553
"12750","Greece",2011,2011,"Hours",47.4676731343848
"12752","Greece",2013,2013,"Hours",46.2739083638993
"12754","Greece",2000,2000,"Hours",18.1604727740183
"12756","Greece",2002,2002,"Hours",18.2907627679922
"12758","Greece",2004,2004,"Hours",19.392216042163
"12760","Greece",2006,2006,"Hours",19.0817199809862
"12762","Greece",2008,2008,"Hours",18.7202542557028
"12764","Greece",2010,2010,"Hours",16.7116484161517
"12766","Greece",2012,2012,"Hours",16.8898763472471
"12768","Greece",2014,2014,"Hours",13.433523892065
"12770","Greece",2001,2001,"Hours",41.9371538046986
"12772","Greece",2003,2003,"Hours",42.9644746947483
"12774","Greece",2005,2005,"Hours",43.3915923904225
"12776","Greece",2007,2007,"Hours",41.2759511233468
"12778","Greece",2009,2009,"Hours",40.7817084470168
"12780","Greece",2011,2011,"Hours",42.388863023507
"12782","Greece",2013,2013,"Hours",40.8965750330115
"12784","Greece",2000,2000,"Hours",41.5005850343725
"12786","Greece",2002,2002,"Hours",41.6203739870832
"12788","Greece",2004,2004,"Hours",41.4899319452194
"12790","Greece",2006,2006,"Hours",41.476361977841
"12792","Greece",2008,2008,"Hours",41.6470043922114
"12794","Greece",2010,2010,"Hours",41.4605522579727
"12796","Greece",2012,2012,"Hours",41.3406823497568
"12798","Greece",2014,2014,"Hours",41.5580841304566
"12800","Greece",2001,2001,"Hours",20.1773254940007
"12802","Greece",2003,2003,"Hours",20.2121019768432
"12804","Greece",2005,2005,"Hours",20.1985197191729
"12806","Greece",2007,2007,"Hours",20.2472744664878
"12808","Greece",2009,2009,"Hours",20.2944443609447
"12810","Greece",2011,2011,"Hours",20.3127042782275
"12812","Greece",2013,2013,"Hours",20.0930447108963
"12814","Greece",2000,2000,"Hours",40.176438557028
"12816","Greece",2002,2002,"Hours",40.2960846097662
"12818","Greece",2004,2004,"Hours",40.0142963522244
"12820","Greece",2006,2006,"Hours",39.7416025981188
"12822","Greece",2008,2008,"Hours",39.7925957136074
"12824","Greece",2010,2010,"Hours",39.2948231065976
"12826","Greece",2012,2012,"Hours",38.8705034457161
"12828","Greece",2014,2014,"Hours",38.7548433057503
"12830","Greece",2001,2001,"Hours",44.4347083862313
"12832","Greece",2003,2003,"Hours",44.6963079659571
"12834","Greece",2005,2005,"Hours",44.5813196624973
"12836","Greece",2007,2007,"Hours",44.2950349526977
"12838","Greece",2009,2009,"Hours",44.5282266730426
"12840","Greece",2011,2011,"Hours",44.3091386725896
"12842","Greece",2013,2013,"Hours",44.6538786653153
"12844","Greece",2000,2000,"Hours",19.8837020490328
"12846","Greece",2002,2002,"Hours",19.9766831564489
"12848","Greece",2004,2004,"Hours",19.9092934982954
"12850","Greece",2006,2006,"Hours",19.9165860700758
"12852","Greece",2008,2008,"Hours",19.9666144462104
"12854","Greece",2010,2010,"Hours",19.9255701475798
"12856","Greece",2012,2012,"Hours",19.4898596980873
"12858","Greece",2014,2014,"Hours",19.4162928573999
"12860","Greece",2001,2001,"Hours",43.2733133079586
"12862","Greece",2003,2003,"Hours",43.3120374981721
"12864","Greece",2005,2005,"Hours",43.0142031102048
"12866","Greece",2007,2007,"Hours",42.421247542972
"12868","Greece",2009,2009,"Hours",42.4329864601512
"12870","Greece",2011,2011,"Hours",42.0709266185419
"12872","Greece",2013,2013,"Hours",42.0471448627306
"12874","Greece",2000,2000,"Hours",43.4289534883311
"12876","Greece",2002,2002,"Hours",43.0703866450174
"12878","Greece",2004,2004,"Hours",42.9882195998914
"12880","Greece",2006,2006,"Hours",42.9731094836861
"12882","Greece",2008,2008,"Hours",43.3743664263815
"12884","Greece",2010,2010,"Hours",42.2708012513562
"12886","Greece",2012,2012,"Hours",41.8321830025332
"12888","Greece",2014,2014,"Hours",42.3610232552647
"12890","Greece",2001,2001,"Hours",19.7034975148582
"12892","Greece",2003,2003,"Hours",21.2335354348338
"12894","Greece",2005,2005,"Hours",19.8643607596114
"12896","Greece",2007,2007,"Hours",20.024294757021
"12898","Greece",2009,2009,"Hours",19.6342717907675
"12900","Greece",2011,2011,"Hours",19.9744833603487
"12902","Greece",2013,2013,"Hours",20.8377295953824
"12904","Greece",2000,2000,"Hours",42.3667108771773
"12906","Greece",2002,2002,"Hours",42.1574051937939
"12908","Greece",2004,2004,"Hours",41.8027650415786
"12910","Greece",2006,2006,"Hours",41.0570080659751
"12912","Greece",2008,2008,"Hours",41.9038139497951
"12914","Greece",2010,2010,"Hours",40.0702767598335
"12916","Greece",2012,2012,"Hours",38.9830993794436
"12918","Greece",2014,2014,"Hours",38.4514432686768
"12920","Greece",2001,2001,"Hours",44.7888163921556
"12922","Greece",2003,2003,"Hours",44.6609880905574
"12924","Greece",2005,2005,"Hours",44.7357405301446
"12926","Greece",2007,2007,"Hours",44.2777629690036
"12928","Greece",2009,2009,"Hours",44.3383381778652
"12930","Greece",2011,2011,"Hours",43.9528834687481
"12932","Greece",2013,2013,"Hours",44.3793900293725
"12934","Greece",2000,2000,"Hours",19.6153915970026
"12936","Greece",2002,2002,"Hours",19.1807113604432
"12938","Greece",2004,2004,"Hours",19.1168695244767
"12940","Greece",2006,2006,"Hours",19.4439896945115
"12942","Greece",2008,2008,"Hours",19.7346419848697
"12944","Greece",2010,2010,"Hours",19.6490077248611
"12946","Greece",2012,2012,"Hours",19.6968687126266
"12948","Greece",2014,2014,"Hours",19.429207408308
"12950","Greece",2001,2001,"Hours",43.8583884443122
"12952","Greece",2003,2003,"Hours",43.6345560723555
"12954","Greece",2005,2005,"Hours",43.3127590696044
"12956","Greece",2007,2007,"Hours",42.499997820323
"12958","Greece",2009,2009,"Hours",42.3058545744944
"12960","Greece",2011,2011,"Hours",41.3599848577197
"12962","Greece",2013,2013,"Hours",40.3033995286219
"12964","Greece",2000,2000,"Hours",42.0317760203896
"12966","Greece",2002,2002,"Hours",42.2066393130389
"12968","Greece",2004,2004,"Hours",42.0640830505116
"12970","Greece",2006,2006,"Hours",42.1031480241611
"12972","Greece",2008,2008,"Hours",42.2947123915026
"12974","Greece",2010,2010,"Hours",42.0053908153256
"12976","Greece",2012,2012,"Hours",41.9796097061534
"12978","Greece",2014,2014,"Hours",42.1710354031253
"12980","Greece",2001,2001,"Hours",20.7891943003029
"12982","Greece",2003,2003,"Hours",20.9112940675617
"12984","Greece",2005,2005,"Hours",20.7601592311363
"12986","Greece",2007,2007,"Hours",20.8299055321436
"12988","Greece",2009,2009,"Hours",20.8444128933131
"12990","Greece",2011,2011,"Hours",20.2837172659611
"12992","Greece",2013,2013,"Hours",20.3769536482228
"12994","Greece",2000,2000,"Hours",41.3282888129043
"12996","Greece",2002,2002,"Hours",41.5273372025563
"12998","Greece",2004,2004,"Hours",41.2959290713234
"13000","Greece",2006,2006,"Hours",41.2002912101319
"13002","Greece",2008,2008,"Hours",41.3381679269872
"13004","Greece",2010,2010,"Hours",40.7857287739466
"13006","Greece",2012,2012,"Hours",40.4555713317463
"13008","Greece",2014,2014,"Hours",40.3427483193901
"13010","Greece",2001,2001,"Hours",45.4643525428062
"13012","Greece",2003,2003,"Hours",45.7574955650267
"13014","Greece",2005,2005,"Hours",45.674943655021
"13016","Greece",2007,2007,"Hours",45.4631694693229
"13018","Greece",2009,2009,"Hours",45.6125131895331
"13020","Greece",2011,2011,"Hours",45.2130811406432
"13022","Greece",2013,2013,"Hours",45.7415422511709
"13024","Greece",2000,2000,"Hours",20.9467528633354
"13026","Greece",2002,2002,"Hours",20.8290536671241
"13028","Greece",2004,2004,"Hours",20.6167905799595
"13030","Greece",2006,2006,"Hours",20.7390319645464
"13032","Greece",2008,2008,"Hours",20.7008358058905
"13034","Greece",2010,2010,"Hours",20.551794690493
"13036","Greece",2012,2012,"Hours",20.0053908913236
"13038","Greece",2014,2014,"Hours",19.5455815635879
"13040","Greece",2001,2001,"Hours",44.8994382554149
"13042","Greece",2003,2003,"Hours",45.132037628912
"13044","Greece",2005,2005,"Hours",44.9481085044712
"13046","Greece",2007,2007,"Hours",44.5912168168672
"13048","Greece",2009,2009,"Hours",44.6204413918277
"13050","Greece",2011,2011,"Hours",43.9342799976639
"13052","Greece",2013,2013,"Hours",44.2220309476824
"13054","Greece",2000,2000,"Hours",41.5853781888068
"13056","Greece",2002,2002,"Hours",41.523413328912
"13058","Greece",2004,2004,"Hours",41.2463519159132
"13060","Greece",2006,2006,"Hours",41.2697218514221
"13062","Greece",2008,2008,"Hours",41.5806629945428
"13064","Greece",2010,2010,"Hours",41.4411970632776
"13066","Greece",2012,2012,"Hours",41.0936113026576
"13068","Greece",2014,2014,"Hours",41.6028675834362
"13070","Greece",2001,2001,"Hours",20.4856548363315
"13072","Greece",2003,2003,"Hours",20.50518150383
"13074","Greece",2005,2005,"Hours",21.6401757657394
"13076","Greece",2007,2007,"Hours",19.7013584949991
"13078","Greece",2009,2009,"Hours",20.4509613150721
"13080","Greece",2011,2011,"Hours",20.0250158541467
"13082","Greece",2013,2013,"Hours",19.8719147411339
"13084","Greece",2000,2000,"Hours",40.7851809102574
"13086","Greece",2002,2002,"Hours",40.853748754408
"13088","Greece",2004,2004,"Hours",40.3993751400421
"13090","Greece",2006,2006,"Hours",40.2484655221805
"13092","Greece",2008,2008,"Hours",40.2203915392173
"13094","Greece",2010,2010,"Hours",39.8776191601447
"13096","Greece",2012,2012,"Hours",39.0438205180409
"13098","Greece",2014,2014,"Hours",39.4565685516058
"13100","Greece",2001,2001,"Hours",46.797064979769
"13102","Greece",2003,2003,"Hours",46.5953074020715
"13104","Greece",2005,2005,"Hours",46.670507547783
"13106","Greece",2007,2007,"Hours",46.2558117616803
"13108","Greece",2009,2009,"Hours",46.8627896287038
"13110","Greece",2011,2011,"Hours",46.5602189934432
"13112","Greece",2013,2013,"Hours",47.1314770696109
"13114","Greece",2000,2000,"Hours",19.8205077733288
"13116","Greece",2002,2002,"Hours",20.5961297304613
"13118","Greece",2004,2004,"Hours",19.9468726652729
"13120","Greece",2006,2006,"Hours",19.9835423439898
"13122","Greece",2008,2008,"Hours",19.5299459663731
"13124","Greece",2010,2010,"Hours",20.1400155300859
"13126","Greece",2012,2012,"Hours",19.0982126725146
"13128","Greece",2014,2014,"Hours",18.6874105440539
"13130","Greece",2001,2001,"Hours",46.2222452264307
"13132","Greece",2003,2003,"Hours",45.8245714885978
"13134","Greece",2005,2005,"Hours",45.9339855447724
"13136","Greece",2007,2007,"Hours",45.178039479669
"13138","Greece",2009,2009,"Hours",45.5338760716957
"13140","Greece",2011,2011,"Hours",44.9591604607625
"13142","Greece",2013,2013,"Hours",45.2960459838386
"13144","Greece",2000,2000,"Hours",38.5716734048876
"13146","Greece",2002,2002,"Hours",40.8839493276179
"13148","Greece",2004,2004,"Hours",40.8710936714865
"13150","Greece",2006,2006,"Hours",41.3833215997273
"13152","Greece",2008,2008,"Hours",40.7080175484963
"13154","Greece",2010,2010,"Hours",40.4090898193708
"13156","Greece",2012,2012,"Hours",41.5207042930786
"13158","Greece",2014,2014,"Hours",41.6507761387965
"13160","Greece",2001,2001,"Hours",23.3610934485502
"13162","Greece",2003,2003,"Hours",19.2571884335531
"13164","Greece",2005,2005,"Hours",20.0140085773784
"13166","Greece",2007,2007,"Hours",21.2760929506438
"13168","Greece",2009,2009,"Hours",19.6977286717602
"13170","Greece",2011,2011,"Hours",22.6624103788566
"13172","Greece",2013,2013,"Hours",17.330615426133
"13174","Greece",2000,2000,"Hours",38.0898255634182
"13176","Greece",2002,2002,"Hours",38.512361302235
"13178","Greece",2004,2004,"Hours",39.507471442878
"13180","Greece",2006,2006,"Hours",38.3049063939706
"13182","Greece",2008,2008,"Hours",38.4992091361924
"13184","Greece",2010,2010,"Hours",38.1176815375827
"13186","Greece",2012,2012,"Hours",39.4183561965757
"13188","Greece",2014,2014,"Hours",37.0075733929523
"13190","Greece",2001,2001,"Hours",45.9592153419953
"13192","Greece",2003,2003,"Hours",46.5170893700628
"13194","Greece",2005,2005,"Hours",47.5804430074158
"13196","Greece",2007,2007,"Hours",46.5255326801486
"13198","Greece",2009,2009,"Hours",46.1106094758806
"13200","Greece",2011,2011,"Hours",48.1561304719703
"13202","Greece",2013,2013,"Hours",47.5426490106483
"13204","Greece",2000,2000,"Hours",18.3368514139094
"13206","Greece",2002,2002,"Hours",18.5399202254673
"13208","Greece",2004,2004,"Hours",19.7909859035961
"13210","Greece",2006,2006,"Hours",18.8661146785269
"13212","Greece",2008,2008,"Hours",18.9955894731208
"13214","Greece",2010,2010,"Hours",17.1625260440725
"13216","Greece",2012,2012,"Hours",17.2209367575934
"13218","Greece",2014,2014,"Hours",13.1715884917573
"13220","Greece",2001,2001,"Hours",43.7541508978372
"13222","Greece",2003,2003,"Hours",44.0892010917542
"13224","Greece",2005,2005,"Hours",44.9778742198626
"13226","Greece",2007,2007,"Hours",42.7929703211602
"13228","Greece",2009,2009,"Hours",42.2630654540144
"13230","Greece",2011,2011,"Hours",43.546580901708
"13232","Greece",2013,2013,"Hours",41.6739186038004
"13234","Greece",2000,2000,"Hours",42.1228738783176
"13236","Greece",2002,2002,"Hours",42.2338612509786
"13238","Greece",2004,2004,"Hours",42.0854824952317
"13240","Greece",2006,2006,"Hours",42.088477736835
"13242","Greece",2008,2008,"Hours",42.2987284276134
"13244","Greece",2010,2010,"Hours",41.9577678518239
"13246","Greece",2012,2012,"Hours",41.884971767428
"13248","Greece",2014,2014,"Hours",42.1227178872966
"13250","Greece",2001,2001,"Hours",20.6841009633141
"13252","Greece",2003,2003,"Hours",20.8808952513175
"13254","Greece",2005,2005,"Hours",20.716710369717
"13256","Greece",2007,2007,"Hours",20.6132837340428
"13258","Greece",2009,2009,"Hours",20.6673917632538
"13260","Greece",2011,2011,"Hours",20.2467654278178
"13262","Greece",2013,2013,"Hours",20.3238735101166
"13264","Greece",2000,2000,"Hours",41.3769002744329
"13266","Greece",2002,2002,"Hours",41.5202324283001
"13268","Greece",2004,2004,"Hours",41.2654813127959
"13270","Greece",2006,2006,"Hours",41.0783056103467
"13272","Greece",2008,2008,"Hours",41.254591457276
"13274","Greece",2010,2010,"Hours",40.6354861954224
"13276","Greece",2012,2012,"Hours",40.2424599234024
"13278","Greece",2014,2014,"Hours",40.1508329172518
"13280","Greece",2001,2001,"Hours",45.5786706343076
"13282","Greece",2003,2003,"Hours",45.795916716947
"13284","Greece",2005,2005,"Hours",45.774806213709
"13286","Greece",2007,2007,"Hours",45.5114884715354
"13288","Greece",2009,2009,"Hours",45.7139680587312
"13290","Greece",2011,2011,"Hours",45.4013878995432
"13292","Greece",2013,2013,"Hours",45.9179129149629
"13294","Greece",2000,2000,"Hours",20.4400080572553
"13296","Greece",2002,2002,"Hours",20.4024830047451
"13298","Greece",2004,2004,"Hours",20.2993902100548
"13300","Greece",2006,2006,"Hours",20.3021070662961
"13302","Greece",2008,2008,"Hours",20.2894669789702
"13304","Greece",2010,2010,"Hours",20.1591277484508
"13306","Greece",2012,2012,"Hours",19.7209393046057
"13308","Greece",2014,2014,"Hours",19.094238050854
"13310","Greece",2001,2001,"Hours",44.9425391938932
"13312","Greece",2003,2003,"Hours",45.0736552136223
"13314","Greece",2005,2005,"Hours",44.952943289196
"13316","Greece",2007,2007,"Hours",44.4856581018205
"13318","Greece",2009,2009,"Hours",44.5489474321318
"13320","Greece",2011,2011,"Hours",43.9486051760287
"13322","Greece",2013,2013,"Hours",44.1730073402939
"13324","Greece",2000,2000,"Hours",41.7710677932872
"13326","Greece",2002,2002,"Hours",41.7277423507286
"13328","Greece",2004,2004,"Hours",41.7421794627994
"13330","Greece",2006,2006,"Hours",41.3390171931182
"13332","Greece",2008,2008,"Hours",41.5005407576031
"13334","Greece",2010,2010,"Hours",41.3684986143883
"13336","Greece",2012,2012,"Hours",41.4898227040664
"13338","Greece",2014,2014,"Hours",41.3881917946241
"13340","Greece",2001,2001,"Hours",19.1508485437229
"13342","Greece",2003,2003,"Hours",18.1690120637492
"13344","Greece",2005,2005,"Hours",18.6727616152136
"13346","Greece",2007,2007,"Hours",19.7011943318236
"13348","Greece",2009,2009,"Hours",19.8067503917785
"13350","Greece",2011,2011,"Hours",20.2632816617087
"13352","Greece",2013,2013,"Hours",18.9655672131384
"13354","Greece",2000,2000,"Hours",40.0752069749974
"13356","Greece",2002,2002,"Hours",39.9148072406296
"13358","Greece",2004,2004,"Hours",39.219170989518
"13360","Greece",2006,2006,"Hours",38.3397154795287
"13362","Greece",2008,2008,"Hours",37.7363534701305
"13364","Greece",2010,2010,"Hours",36.8678125860362
"13366","Greece",2012,2012,"Hours",36.1158220147792
"13368","Greece",2014,2014,"Hours",36.1695161299385
"13370","Greece",2001,2001,"Hours",42.67318969973
"13372","Greece",2003,2003,"Hours",42.4885126331608
"13374","Greece",2005,2005,"Hours",42.5545441919162
"13376","Greece",2007,2007,"Hours",42.4723298321024
"13378","Greece",2009,2009,"Hours",42.1368702364732
"13380","Greece",2011,2011,"Hours",42.5654311766262
"13382","Greece",2013,2013,"Hours",42.5807438858128
"13384","Greece",2000,2000,"Hours",18.7872338482838
"13386","Greece",2002,2002,"Hours",18.6105989452051
"13388","Greece",2004,2004,"Hours",18.2256934336081
"13390","Greece",2006,2006,"Hours",19.3794194127241
"13392","Greece",2008,2008,"Hours",19.3053344207452
"13394","Greece",2010,2010,"Hours",19.8650028747413
"13396","Greece",2012,2012,"Hours",18.3532789311609
"13398","Greece",2014,2014,"Hours",18.6586910058356
"13400","Greece",2001,2001,"Hours",40.8127543881804
"13402","Greece",2003,2003,"Hours",40.5811235121512
"13404","Greece",2005,2005,"Hours",39.2027411326835
"13406","Greece",2007,2007,"Hours",38.7992255910153
"13408","Greece",2009,2009,"Hours",37.8047282841771
"13410","Greece",2011,2011,"Hours",37.2458944753366
"13412","Greece",2013,2013,"Hours",37.4683006211571
"13414","Greece",2000,2000,"Hours",40.1977598304581
"13416","Greece",2002,2002,"Hours",40.4510371563676
"13418","Greece",2004,2004,"Hours",40.4321412946577
"13420","Greece",2006,2006,"Hours",40.4428838349562
"13422","Greece",2008,2008,"Hours",40.6007132515376
"13424","Greece",2010,2010,"Hours",40.6042428706038
"13426","Greece",2012,2012,"Hours",40.4497876022744
"13428","Greece",2014,2014,"Hours",40.7151929730964
"13430","Greece",2001,2001,"Hours",19.9925736629131
"13432","Greece",2003,2003,"Hours",20.0329636974962
"13434","Greece",2005,2005,"Hours",20.0721941436083
"13436","Greece",2007,2007,"Hours",20.1750969535823
"13438","Greece",2009,2009,"Hours",20.1781198307628
"13440","Greece",2011,2011,"Hours",20.3975824474216
"13442","Greece",2013,2013,"Hours",20.086104959653
"13444","Greece",2000,2000,"Hours",38.0031392632047
"13446","Greece",2002,2002,"Hours",38.2330586413273
"13448","Greece",2004,2004,"Hours",38.1201818836909
"13450","Greece",2006,2006,"Hours",37.8105355167052
"13452","Greece",2008,2008,"Hours",37.7951095456237
"13454","Greece",2010,2010,"Hours",37.5451125659374
"13456","Greece",2012,2012,"Hours",37.1494002627795
"13458","Greece",2014,2014,"Hours",37.0994178185478
"13460","Greece",2001,2001,"Hours",42.215520724051
"13462","Greece",2003,2003,"Hours",42.6599752613722
"13464","Greece",2005,2005,"Hours",42.372037954896
"13466","Greece",2007,2007,"Hours",42.0454024260334
"13468","Greece",2009,2009,"Hours",42.4261683239959
"13470","Greece",2011,2011,"Hours",42.2729692041558
"13472","Greece",2013,2013,"Hours",42.4319647790426
"13474","Greece",2000,2000,"Hours",19.8129861109706
"13476","Greece",2002,2002,"Hours",19.9441753731028
"13478","Greece",2004,2004,"Hours",19.9860353501193
"13480","Greece",2006,2006,"Hours",19.8411641465664
"13482","Greece",2008,2008,"Hours",19.9675449268133
"13484","Greece",2010,2010,"Hours",20.0242603521049
"13486","Greece",2012,2012,"Hours",19.6213151154517
"13488","Greece",2014,2014,"Hours",19.956812132265
"13490","Greece",2001,2001,"Hours",40.3308893649663
"13492","Greece",2003,2003,"Hours",40.3287909957493
"13494","Greece",2005,2005,"Hours",39.9239537582367
"13496","Greece",2007,2007,"Hours",39.1867596118694
"13498","Greece",2009,2009,"Hours",39.2946168414519
"13500","Greece",2011,2011,"Hours",39.2917934407505
"13502","Greece",2013,2013,"Hours",38.8718777383887
"13504","Greece",2000,2000,"Hours",41.1391963241009
"13506","Greece",2002,2002,"Hours",40.3883059030181
"13508","Greece",2004,2004,"Hours",40.1721624459952
"13510","Greece",2006,2006,"Hours",40.6822761018385
"13512","Greece",2008,2008,"Hours",40.5137179908484
"13514","Greece",2010,2010,"Hours",41.921687197131
"13516","Greece",2012,2012,"Hours",41.8110274658744
"13518","Greece",2014,2014,"Hours",41.675153837363
"13520","Greece",2001,2001,"Hours",20.2555584279516
"13522","Greece",2003,2003,"Hours",20.0717951660871
"13524","Greece",2005,2005,"Hours",20.7471605921234
"13526","Greece",2007,2007,"Hours",19.2033242460506
"13528","Greece",2009,2009,"Hours",20.1522109569242
"13530","Greece",2011,2011,"Hours",20.1086636963441
"13532","Greece",2013,2013,"Hours",19.4072562681496
"13534","Greece",2000,2000,"Hours",38.6425537468578
"13536","Greece",2002,2002,"Hours",38.0247047930622
"13538","Greece",2004,2004,"Hours",37.7702368481997
"13540","Greece",2006,2006,"Hours",37.9610337143153
"13542","Greece",2008,2008,"Hours",37.8189234818163
"13544","Greece",2010,2010,"Hours",38.4780183452715
"13546","Greece",2012,2012,"Hours",38.2072483354435
"13548","Greece",2014,2014,"Hours",37.5596147095731
"13550","Greece",2001,2001,"Hours",43.2674985294632
"13552","Greece",2003,2003,"Hours",43.503546394714
"13554","Greece",2005,2005,"Hours",43.2994836034745
"13556","Greece",2007,2007,"Hours",43.4050162007764
"13558","Greece",2009,2009,"Hours",43.8596615007499
"13560","Greece",2011,2011,"Hours",44.6309672375674
"13562","Greece",2013,2013,"Hours",44.1460632140588
"13564","Greece",2000,2000,"Hours",19.2338743230353
"13566","Greece",2002,2002,"Hours",19.871822160616
"13568","Greece",2004,2004,"Hours",19.1984865009244
"13570","Greece",2006,2006,"Hours",19.1550240634521
"13572","Greece",2008,2008,"Hours",19.3344453207167
"13574","Greece",2010,2010,"Hours",18.9054438388234
"13576","Greece",2012,2012,"Hours",18.3234739985789
"13578","Greece",2014,2014,"Hours",18.5196476375186
"13580","Greece",2001,2001,"Hours",41.3316239636371
"13582","Greece",2003,2003,"Hours",41.0579584180365
"13584","Greece",2005,2005,"Hours",40.5845606742313
"13586","Greece",2007,2007,"Hours",40.049365398031
"13588","Greece",2009,2009,"Hours",40.4773152219872
"13590","Greece",2011,2011,"Hours",40.8407438218282
"13592","Greece",2013,2013,"Hours",40.4653142641145
"13594","Greece",2000,2000,"Hours",40.6527749707474
"13596","Greece",2002,2002,"Hours",39.7231598549324
"13598","Greece",2004,2004,"Hours",38.3040194848835
"13600","Greece",2006,2006,"Hours",43.3732129769444
"13602","Greece",2008,2008,"Hours",39.5379281423689
"13604","Greece",2010,2010,"Hours",44.7597065356976
"13606","Greece",2012,2012,"Hours",42.0978275966492
"13608","Greece",2014,2014,"Hours",40.941857555172
"13610","Greece",2001,2001,"Hours",17.3380229908362
"13612","Greece",2003,2003,"Hours",23.9057637507737
"13614","Greece",2005,2005,"Hours",18.5279792378592
"13616","Greece",2007,2007,"Hours",17.8174222668418
"13618","Greece",2009,2009,"Hours",13.3852425398458
"13620","Greece",2011,2011,"Hours",13.5930693989917
"13622","Greece",2013,2013,"Hours",16.3046432561944
"13624","Greece",2000,2000,"Hours",35.640956373411
"13626","Greece",2002,2002,"Hours",36.9639251214555
"13628","Greece",2004,2004,"Hours",33.2965971599738
"13630","Greece",2006,2006,"Hours",41.0513476638885
"13632","Greece",2008,2008,"Hours",37.0566011588206
"13634","Greece",2010,2010,"Hours",38.9751794537243
"13636","Greece",2012,2012,"Hours",37.2523372796511
"13638","Greece",2014,2014,"Hours",36.9621549879248
"13640","Greece",2001,2001,"Hours",42.1156701468631
"13642","Greece",2003,2003,"Hours",43.7099640854741
"13644","Greece",2005,2005,"Hours",44.7467402799088
"13646","Greece",2007,2007,"Hours",42.2496131891252
"13648","Greece",2009,2009,"Hours",43.5280626344548
"13650","Greece",2011,2011,"Hours",45.7779057497231
"13652","Greece",2013,2013,"Hours",43.4138531624222
"13654","Greece",2000,2000,"Hours",17.9834538907849
"13656","Greece",2002,2002,"Hours",17.9074175176597
"13658","Greece",2004,2004,"Hours",18.9873012289465
"13660","Greece",2006,2006,"Hours",19.3869195957277
"13662","Greece",2008,2008,"Hours",18.1633317179706
"13664","Greece",2010,2010,"Hours",16.0260696280762
"13666","Greece",2012,2012,"Hours",16.1387868910324
"13668","Greece",2014,2014,"Hours",13.8939339050499
"13670","Greece",2001,2001,"Hours",37.806740835971
"13672","Greece",2003,2003,"Hours",39.8142934955348
"13674","Greece",2005,2005,"Hours",38.6532516115441
"13676","Greece",2007,2007,"Hours",37.1842093348634
"13678","Greece",2009,2009,"Hours",37.1157566097144
"13680","Greece",2011,2011,"Hours",39.7190675572708
"13682","Greece",2013,2013,"Hours",39.0752069242838
"13684","Greece",2000,2000,"Hours",40.452005721314
"13686","Greece",2002,2002,"Hours",40.6084270439478
"13688","Greece",2004,2004,"Hours",40.5601308084515
"13690","Greece",2006,2006,"Hours",40.5371590019709
"13692","Greece",2008,2008,"Hours",40.6596405927515
"13694","Greece",2010,2010,"Hours",40.7494016652593
"13696","Greece",2012,2012,"Hours",40.5966449378277
"13698","Greece",2014,2014,"Hours",40.8065374743008
"13700","Greece",2001,2001,"Hours",19.9181219104236
"13702","Greece",2003,2003,"Hours",19.9070498478462
"13704","Greece",2005,2005,"Hours",19.9497809461594
"13706","Greece",2007,2007,"Hours",20.0637860726975
"13708","Greece",2009,2009,"Hours",20.1171133403803
"13710","Greece",2011,2011,"Hours",20.3499322286916
"13712","Greece",2013,2013,"Hours",19.9616985104242
"13714","Greece",2000,2000,"Hours",38.3000880244337
"13716","Greece",2002,2002,"Hours",38.4280364849291
"13718","Greece",2004,2004,"Hours",38.2144083076418
"13720","Greece",2006,2006,"Hours",37.8706336561517
"13722","Greece",2008,2008,"Hours",37.790219837157
"13724","Greece",2010,2010,"Hours",37.5670978216339
"13726","Greece",2012,2012,"Hours",37.1793680420562
"13728","Greece",2014,2014,"Hours",37.0845298350875
"13730","Greece",2001,2001,"Hours",42.3576211751693
"13732","Greece",2003,2003,"Hours",42.7405303415952
"13734","Greece",2005,2005,"Hours",42.4968737118284
"13736","Greece",2007,2007,"Hours",42.2068428754232
"13738","Greece",2009,2009,"Hours",42.5670945857041
"13740","Greece",2011,2011,"Hours",42.5905877829417
"13742","Greece",2013,2013,"Hours",42.6636986196659
"13744","Greece",2000,2000,"Hours",19.5840497594451
"13746","Greece",2002,2002,"Hours",19.7731314953547
"13748","Greece",2004,2004,"Hours",19.7290343363179
"13750","Greece",2006,2006,"Hours",19.7266263374377
"13752","Greece",2008,2008,"Hours",19.8124616758611
"13754","Greece",2010,2010,"Hours",19.8069392957111
"13756","Greece",2012,2012,"Hours",19.3582367412631
"13758","Greece",2014,2014,"Hours",19.6243618372525
"13760","Greece",2001,2001,"Hours",40.4280820603145
"13762","Greece",2003,2003,"Hours",40.4120795057826
"13764","Greece",2005,2005,"Hours",39.9132218320094
"13766","Greece",2007,2007,"Hours",39.2176565807009
"13768","Greece",2009,2009,"Hours",39.2934234677262
"13770","Greece",2011,2011,"Hours",39.3787855469591
"13772","Greece",2013,2013,"Hours",39.0218417073062
